,A200.AX,IEU.AX,IJP.AX,IOO.AX,IVV.AX,MTUM.AX,MVW.AX,QHAL.AX,QLTY.AX,QUAL.AX,SMH,SMLL.AX,SPY,VAS.AX,VDHG.AX,VGE.AX,VGS.AX,VLUE.AX,VMIN.AX,VSO.AX,VVLU.AX,w
A200.AX,5.5768973610136596e-05,-1.011624415093947e-07,1.5697116813387807e-06,6.282360384732878e-07,6.278564490881463e-07,1.527652840983543e-06,5.108380338504584e-07,7.852960246917035e-07,5.914044884371443e-07,8.486136874035522e-07,7.1776017051944155e-06,7.417158281120034e-07,4.764319386248972e-06,8.821819035456388e-07,6.401558281227813e-07,6.683061629855648e-08,5.412282770874527e-07,6.963634701792584e-07,3.428205077063277e-07,4.973959324765956e-07,9.429167810154671e-07,0.0
IEU.AX,-1.011624415093947e-07,4.7875089976716864e-05,2.800538408903649e-07,-8.325423728082754e-08,-2.4171490506602994e-07,-8.828330196253648e-09,-4.1654419228562015e-07,-1.2291846442350494e-07,-2.8512427299272312e-08,-7.05738655947341e-08,1.6556153861305695e-06,6.088815951257335e-08,1.6573705309930987e-06,-9.033434773597676e-08,-8.586101664823571e-08,3.5328430206733614e-07,-1.0623960275778404e-07,4.792649164677397e-08,-1.5467983525257097e-07,-8.032386512468404e-08,5.227395090078492e-09,0.0
IJP.AX,1.5697116813387809e-06,2.800538408903649e-07,0.00013571273630723905,7.246965573465462e-07,4.792100726887748e-07,2.7027740416908997e-06,-6.385713019315917e-07,2.050476196628744e-07,9.953354684594691e-07,1.4039433731341526e-06,2.6892142746594235e-05,1.2067984911551575e-06,1.7650350105503652e-05,1.4538879760037513e-06,7.680782210565294e-07,1.404603584164243e-06,7.177442078334558e-07,1.7404250439642805e-06,-1.4045255856732073e-07,6.016258053881731e-07,2.173486874684458e-06,0.0
IOO.AX,6.282360384732878e-07,-8.325423728082755e-08,7.246965573465463e-07,8.687761983523545e-05,6.373802740209922e-07,9.82902142839727e-07,6.890736137586955e-07,9.282178018424305e-07,4.863211240099369e-07,7.448435996676573e-07,-1.7911665410006067e-06,5.286438521700091e-07,6.958189723435753e-08,5.614165082446123e-07,5.366257714346661e-07,-2.59715979772417e-07,4.897635730007735e-07,6.055722605579592e-07,3.5562238256501435e-07,3.785241224942543e-07,6.637317121353034e-07,0.0
IVV.AX,6.278564490881463e-07,-2.4171490506602994e-07,4.792100726887747e-07,6.373802740209922e-07,8.083892853855556e-05,7.064128731202352e-07,1.2688023284135878e-06,9.445674002720114e-07,5.273211785773883e-07,8.873950565547463e-07,-7.4192742042985294e-06,4.864550209324291e-07,-2.870674678123426e-06,5.645866133690383e-07,6.027926036401924e-07,-6.094594434733857e-07,6.326012687344606e-07,7.021855833085299e-07,5.805677949780009e-07,5.030420993991784e-07,8.899234464476877e-07,0.0
MTUM.AX,1.5276528409835431e-06,-8.828330196253625e-09,2.7027740416908993e-06,9.82902142839727e-07,7.064128731202353e-07,8.28923054839736e-05,2.2426505608841472e-07,1.2865953821655857e-06,8.527210949144542e-07,1.1919374519614753e-06,1.8369251104075412e-05,1.1343292618099524e-06,1.0751473842224893e-05,1.4257951490399377e-06,9.619179013035017e-07,4.2560449433120994e-07,6.893635332629041e-07,9.439377327605593e-07,3.5601365793056024e-07,6.100585930043142e-07,1.214961174264971e-06,0.0
MVW.AX,5.108380338504583e-07,-4.1654419228562015e-07,-6.385713019315919e-07,6.890736137586956e-07,1.268802328413588e-06,2.2426505608841478e-07,9.17637735987244e-05,1.4136646989683117e-06,5.167285067858435e-07,1.1002704188655177e-06,-2.1487103494196556e-05,3.3164290779925625e-07,-1.0536358977903628e-05,4.6994805523995383e-07,7.590022511650911e-07,-1.4359397755952101e-06,8.26161398472127e-07,6.967296696414878e-07,1.123584326267994e-06,6.194406962537156e-07,1.010031241474312e-06,0.0
QHAL.AX,7.852960246917034e-07,-1.229184644235049e-07,2.05047619662874e-07,9.282178018424306e-07,9.445674002720115e-07,1.2865953821655857e-06,1.4136646989683115e-06,0.0001288842554681352,5.898308497479725e-07,1.066535429146998e-06,-8.395465727775264e-06,5.787186014019387e-07,-3.6397006140108047e-06,7.15349234789079e-07,8.288152855630994e-07,-7.770982363589674e-07,6.88572004343896e-07,6.780509969339632e-07,7.858495398806562e-07,4.67371871647727e-07,7.502495917967153e-07,0.0
QLTY.AX,5.914044884371445e-07,-2.8512427299272312e-08,9.95335468459469e-07,4.863211240099369e-07,5.273211785773885e-07,8.527210949144543e-07,5.167285067858434e-07,5.898308497479726e-07,6.943450146018364e-05,6.673588243065088e-07,2.1814683554213193e-07,6.150926460809794e-07,1.6261265525751711e-06,5.377589911365854e-07,4.5649358660786665e-07,-1.3199280887902578e-08,4.4298918817969485e-07,6.188205393832808e-07,2.692087933699318e-07,4.2192592778240864e-07,7.759662257712054e-07,0.0
QUAL.AX,8.486136874035523e-07,-7.057386559473412e-08,1.4039433731341526e-06,7.448435996676574e-07,8.873950565547465e-07,1.1919374519614756e-06,1.1002704188655175e-06,1.0665354291469983e-06,6.673588243065088e-07,7.063312881580618e-05,-3.460388890572376e-06,6.236138024038603e-07,-5.984852452770097e-09,7.756103700722709e-07,7.355603393071382e-07,-3.2400139544674897e-07,7.305659953609037e-07,1.0599350936196526e-06,5.777878289872437e-07,5.25321176834345e-07,1.3046696583114055e-06,0.0
SMH,7.177601705194419e-06,1.6556153861305714e-06,2.6892142746594245e-05,-1.7911665410006077e-06,-7.419274204298529e-06,1.836925110407541e-05,-2.148710349419655e-05,-8.395465727775264e-06,2.181468355421325e-07,-3.4603888905723754e-06,0.0005627301340143812,3.7755106045937104e-06,0.0002005572854425789,7.057485074380161e-06,-8.610893571407887e-07,1.701611540876378e-05,-3.4970949549050175e-06,-2.1609308882105044e-06,-7.995528068970008e-06,-1.3056140037471668e-06,-1.1275318004437542e-06,0.0
SMLL.AX,7.417158281120035e-07,6.088815951257336e-08,1.2067984911551573e-06,5.286438521700092e-07,4.86455020932429e-07,1.1343292618099524e-06,3.3164290779925625e-07,5.787186014019388e-07,6.150926460809794e-07,6.236138024038602e-07,3.7755106045937113e-06,0.0001236362031454891,4.442725199353125e-06,6.848641431434574e-07,5.176030696868371e-07,3.2962096656336465e-07,4.493757055946968e-07,5.68446532979618e-07,2.171898242605437e-07,6.375467267352146e-07,8.031534210976937e-07,0.0
SPY,4.764319386248973e-06,1.6573705309930985e-06,1.765035010550366e-05,6.958189723435663e-08,-2.8706746781234264e-06,1.075147384222489e-05,-1.053635897790363e-05,-3.639700614010804e-06,1.62612655257517e-06,-5.984852452770558e-09,0.00020055728544257889,4.442725199353124e-06,0.00014638802614642694,4.576925792462285e-06,4.629479835760702e-07,1.0015214279804454e-05,-6.918554131992121e-07,1.271381274356398e-06,-3.8916540977745695e-06,7.100281568577832e-07,2.290307537184608e-06,0.0
VAS.AX,8.821819035456388e-07,-9.033434773597673e-08,1.4538879760037513e-06,5.614165082446124e-07,5.645866133690383e-07,1.4257951490399377e-06,4.699480552399539e-07,7.153492347890791e-07,5.377589911365854e-07,7.756103700722709e-07,7.057485074380161e-06,6.848641431434573e-07,4.576925792462285e-06,5.56342871404024e-05,5.920650552438754e-07,7.395335715513338e-08,4.921168454823874e-07,6.249263949120233e-07,3.276412969445567e-07,4.5902642666622827e-07,8.71271594180759e-07,0.0
VDHG.AX,6.401558281227813e-07,-8.58610166482357e-08,7.680782210565293e-07,5.366257714346663e-07,6.027926036401924e-07,9.619179013035017e-07,7.590022511650911e-07,8.288152855630995e-07,4.564935866078667e-07,7.355603393071381e-07,-8.610893571407892e-07,5.176030696868371e-07,4.629479835760702e-07,5.920650552438755e-07,4.344800725827165e-05,-2.3417957472545597e-07,4.790640177415825e-07,5.702064657878062e-07,4.2629972160608595e-07,3.985947460481403e-07,7.435860685156721e-07,0.0
VGE.AX,6.683061629855682e-08,3.5328430206733625e-07,1.4046035841642439e-06,-2.59715979772417e-07,-6.094594434733859e-07,4.2560449433121026e-07,-1.4359397755952101e-06,-7.770982363589674e-07,-1.3199280887902531e-08,-3.240013954467489e-07,1.7016115408763784e-05,3.296209665633648e-07,1.0015214279804456e-05,7.395335715513365e-08,-2.341795747254559e-07,6.253343351780685e-05,-2.9008061319044516e-07,-2.824288486400394e-08,-6.129259290752161e-07,-7.516470610666701e-08,-1.7946130235142066e-08,0.0
VGS.AX,5.412282770874526e-07,-1.0623960275778403e-07,7.177442078334556e-07,4.897635730007735e-07,6.326012687344606e-07,6.893635332629041e-07,8.261613984721268e-07,6.88572004343896e-07,4.429891881796948e-07,7.305659953609037e-07,-3.4970949549050175e-06,4.493757055946968e-07,-6.918554131992119e-07,4.921168454823873e-07,4.790640177415825e-07,-2.9008061319044516e-07,6.0774957795246345e-05,6.329061397315159e-07,4.0259003499298834e-07,3.951729310352841e-07,8.024056741037213e-07,0.0
VLUE.AX,6.963634701792584e-07,4.7926491646773986e-08,1.7404250439642803e-06,6.055722605579592e-07,7.021855833085301e-07,9.439377327605592e-07,6.967296696414876e-07,6.780509969339632e-07,6.188205393832807e-07,1.0599350936196524e-06,-2.1609308882105052e-06,5.684465329796179e-07,1.2713812743563987e-06,6.249263949120233e-07,5.702064657878062e-07,-2.8242884864004046e-08,6.32906139731516e-07,5.909092540717174e-05,3.403043156474392e-07,4.393839636694951e-07,1.3395238860556199e-06,0.0
VMIN.AX,3.428205077063275e-07,-1.5467983525257092e-07,-1.4045255856732097e-07,3.556223825650143e-07,5.805677949780007e-07,3.5601365793056014e-07,1.1235843262679938e-06,7.85849539880656e-07,2.6920879336993177e-07,5.777878289872436e-07,-7.995528068970008e-06,2.171898242605436e-07,-3.89165409777457e-06,3.276412969445566e-07,4.2629972160608584e-07,-6.129259290752159e-07,4.0259003499298824e-07,3.403043156474391e-07,3.9657499587690224e-05,3.03559659096226e-07,5.274387204523252e-07,0.0
VSO.AX,4.973959324765956e-07,-8.032386512468406e-08,6.016258053881732e-07,3.785241224942544e-07,5.030420993991784e-07,6.100585930043142e-07,6.194406962537155e-07,4.6737187164772704e-07,4.219259277824087e-07,5.25321176834345e-07,-1.305614003747167e-06,6.375467267352147e-07,7.100281568577839e-07,4.5902642666622827e-07,3.985947460481404e-07,-7.516470610666704e-08,3.9517293103528427e-07,4.3938396366949525e-07,3.035596590962261e-07,8.479428892861241e-05,6.47841028617538e-07,0.0
VVLU.AX,9.429167810154671e-07,5.227395090078467e-09,2.173486874684458e-06,6.637317121353034e-07,8.899234464476878e-07,1.214961174264971e-06,1.010031241474312e-06,7.502495917967155e-07,7.759662257712053e-07,1.3046696583114058e-06,-1.1275318004437552e-06,8.031534210976935e-07,2.290307537184608e-06,8.712715941807587e-07,7.435860685156721e-07,-1.7946130235142172e-08,8.024056741037213e-07,1.33952388605562e-06,5.274387204523254e-07,6.47841028617538e-07,8.720544453877565e-05,0.0
w,0.0,0.0,0.0,0.0,0.0,0.0,0.0,0.0,0.0,0.0,0.0,0.0,0.0,0.0,0.0,0.0,0.0,0.0,0.0,0.0,0.0,0.0
